pdb_id,Pocket id,ResIDs,ResIDs_BW,Contributing Points,Outlier Score,Total Score,pocket_label
7sk3,9,82 133 136 137 140 141 144 149 160 161 164 167 168 171 219 223 224 227,2.42 3.41 3.44 3.45 3.48 3.49 3.52 35.95 4.41 4.42 4.45 4.48 4.49 4.52 5.45 5.49 5.50 5.53,1752,8000,9752,A-EH-TM2345-mid
7vl8,9,82 108 111 112 115 158 162 169,2.52 3.27 3.30 3.31 3.34 4.50 4.54 4.61,768,5000,5768,A-EH-TM234-ext
7xbx,12,206 209 210 213 260 263 264 267 268,3.27 3.30 3.31 3.34 4.54 4.57 4.58 4.61 4.62,522,5000,5522,A-EH-TM34-ext
7xbw,10,189 193 196 197 200 201 248 249 252 255 256 259 261,5.36 5.40 5.43 5.44 5.47 5.48 6.52 6.53 6.56 6.59 6.60 6.63 92.38,2070,3000,5070,A-EH-TM56-ext
7vl8,14,47 50 51 295 296 298 299 303,1.45 1.48 1.49 7.47 7.48 7.50 7.51 7.55,996,4000,4996,A-EH-TM17-mid
7vla,13,82 111 112 115 162 169,2.52 3.30 3.31 3.34 4.54 4.61,908,4000,4908,A-EH-TM234-ext
7sk8,13,82 137 140 141 144 149 160 161 164,2.42 3.45 3.48 3.49 3.52 30.81 4.41 4.42 4.45,521,4000,4521,A-EH-TM234-mid
7sk8,14,43 46 47 50 54 299 302 303 306,1.31 1.34 1.35 1.38 1.42 7.37 7.40 7.41 7.44,1235,3000,4235,A-EH-TM17-ext
7vla,10,122 125 157 160 163 164 166 167 198 201 202 205 206 210,3.41 3.44 4.49 4.52 4.55 4.56 4.58 4.59 5.37 5.40 5.41 5.44 5.45 5.49,1135,3000,4135,A-EH-TM345-ext
7xbx,10,295 298 299 302 303 347 350 351 354 357,5.40 5.43 5.44 5.47 5.48 6.49 6.52 6.53 6.56 6.59,1085,3000,4085,A-EH-TM56-mid
7xbw,18,103 104 107 108 111 158 165,3.26 3.27 3.30 3.31 3.34 4.54 75.75,734,3000,3734,A-EH-TM34-ext
7vla,12,45 49 81 84 85,1.43 1.47 2.51 2.54 2.55,729,3000,3729,A-EH-TM12-mid
7xbw,15,163 187 190 191 194,4.59 5.34 5.37 5.38 5.41,981,2000,2981,A-EH-TM45-ext
7sk8,17,133 136 137 167 168 171 219 223 224 227,3.41 3.44 3.45 4.48 4.49 4.52 5.45 5.49 5.50 5.53,898,2000,2898,A-EH-TM345-mid
7vl8,12,122 125 126 157 160 163 164 202 206 210,3.41 3.44 3.45 4.49 4.52 4.55 4.56 5.41 5.45 5.49,634,2000,2634,A-EH-TM345-mid
7vl8,10,40 43 44 47 288 292 295,1.38 1.41 1.42 1.45 7.40 7.44 7.47,497,2000,2497,A-EH-TM17-ext
7vla,11,47 50 51 295 296 298 299 303,1.45 1.48 1.49 7.47 7.48 7.50 7.51 7.55,497,2000,2497,A-EH-TM17-mid
7xbx,13,146 149 150 153 392 393 396 397 402 403 406 407 409 410,1.45 1.48 1.49 1.52 7.50 7.51 7.54 7.55 8.50 8.51 8.54 8.55 8.57 8.58,427,2000,2427,A-EH-TM178-mid
7xbx,15,306 309 310 313 336 339 340 343,5.51 5.54 5.55 5.58 6.38 6.41 6.42 6.45,404,2000,2404,A-EH-TM56-mid
7xbw,13,47 48 51 290 291 294 300 304 308,1.48 1.49 1.52 7.50 7.51 7.54 8.50 8.54 8.58,367,2000,2367,A-EH-TM178-mid
7xbw,11,68 71 72 75 147 150 151 154,2.41 2.44 2.45 2.48 4.43 4.46 4.47 4.50,218,2000,2218,A-EH-TM24-mid
7sk8,11,210 213 214 217 273 276 277 280,5.36 5.39 5.40 5.43 6.56 6.59 6.60 6.63,908,1000,1908,A-EH-TM56-ext
7vl8,7,59 60 62 63 65 66 70 71 74 75 78 147 151 154 155 158,1.57 1.58 1.60 12.48 12.50 12.51 2.40 2.41 2.44 2.45 2.48 4.39 4.43 4.46 4.47 4.50,423,1000,1423,A-EH-TM124-ext
7xbx,14,292 295 296 299 300,5.37 5.40 5.41 5.44 5.45,393,1000,1393,A-EH-TM5-ext
