gpcrdb_residue,count
3.34,15
4.50,15
2.52,13
3.41,12
1.45,11
2.48,11
4.52,11
2.55,10
5.46,9
3.31,8
3.38,8
5.49,8
7.51,8
4.54,7
1.41,6
4.48,6
4.58,6
5.53,6
5.55,6
7.48,6
1.51,5
1.55,5
3.44,5
4.45,5
6.53,5
1.38,4
2.45,4
2.49,4
2.58,4
3.27,4
3.48,4
4.56,4
5.42,4
6.46,4
7.43,4
1.47,3
1.48,3
1.52,3
2.41,3
3.45,3
5.51,3
6.49,3
7.39,3
1.43,2
1.54,2
1.58,2
3.24,2
3.30,2
3.52,2
4.47,2
5.52,2
5.59,2
6.45,2
7.40,2
8.54,2
1.37,1
1.39,1
1.49,1
2.44,1
2.54,1
2.59,1
2.62,1
3.35,1
4.44,1
4.46,1
4.51,1
4.55,1
4.59,1
5.47,1
5.48,1
6.38,1
6.39,1
6.41,1
6.43,1
6.47,1
6.50,1
6.52,1
6.54,1
7.52,1
8.58,1
59.04,1
62.82,1
