Pocket id,ResIDs,ResIDs_BW,Contributing Points,Outlier Score,Total Score
7,36 39 40 43 325 328 329 333 338 341,1.45 1.48 1.49 1.52 7.47 7.50 7.51 7.55 8.51 8.54,517,5000,5517
12,112 115 116 119 143 146 147 150 201 205 206 209,3.41 3.44 3.45 3.48 4.45 4.48 4.49 4.52 5.45 5.49 5.50 5.53,659,4000,4659
10,55 61 64 65 68 141 144,12.51 2.41 2.44 2.45 2.48 4.43 4.46,434,4000,4434
1,23 26 29 30 32 33 36 81 84 85 86 88 89 90 96 97 99 100 103 104 107 108 164 165 185 186 187 188 189 190 195 198 202 284 285 288 289 292 295 310 311 313 314 315 317 318 319 321 322 325 326 329,1.32 1.35 1.38 1.39 1.41 1.42 1.45 2.61 2.64 2.65 2.66 2.68 23.49 23.50 3.25 3.26 3.28 3.29 3.32 3.33 3.36 3.37 71.95 72.02 82.07 45.50 45.51 45.52 74.75 69.37 5.39 5.42 5.46 6.47 6.48 6.51 6.52 6.55 6.58 7.32 7.33 7.35 7.36 7.37 7.39 7.40 7.41 7.43 7.44 7.47 7.48 7.51,1181,2000,3181
5,76 80 90 92 95 98 99 102,2.56 2.60 23.50 23.52 3.24 3.27 3.28 3.31,402,1000,1402
9,211 214 215 218 271 274 275 278,5.55 5.58 5.59 5.62 6.34 6.37 6.38 6.41,290,1000,1290
8,27 30 31 34 79 82 83 86,1.36 1.39 1.40 1.43 2.59 2.62 2.63 2.66,398,0,398
11,119 122 123 209 212 213 216,3.48 3.51 3.52 5.53 5.56 5.57 5.60,154,0,154
3,20 23 24 27 86 87,106.21 1.32 1.33 1.36 2.66 2.67,105,0,105
